TDSFU Daily run: Sun Oct 26 12:55:59 UTC 2025 TDSFU
TDSFU Daily run: Mon Oct 27 04:39:07 UTC 2025 TDSFU
TDSFU Daily run: Tue Oct 28 04:34:00 UTC 2025 TDSFU
TDSFU Daily run: Wed Oct 29 04:37:33 UTC 2025 TDSFU
TDSFU Daily run: Thu Oct 30 04:33:38 UTC 2025 TDSFU
TDSFU Daily run: Fri Oct 31 04:44:44 UTC 2025 TDSFU
TDSFU Daily run: Sat Nov  1 04:30:56 UTC 2025 TDSFU
TDSFU Daily run: Sun Nov  2 04:33:32 UTC 2025 TDSFU
TDSFU Daily run: Mon Nov  3 04:38:04 UTC 2025 TDSFU
TDSFU Daily run: Tue Nov  4 04:33:36 UTC 2025 TDSFU
TDSFU Daily run: Wed Nov  5 04:34:19 UTC 2025 TDSFU
TDSFU Daily run: Thu Nov  6 04:37:34 UTC 2025 TDSFU
TDSFU Daily run: Fri Nov  7 04:33:49 UTC 2025 TDSFU
TDSFU Daily run: Sat Nov  8 04:31:52 UTC 2025 TDSFU
TDSFU Daily run: Sun Nov  9 04:32:59 UTC 2025 TDSFU
TDSFU Daily run: Mon Nov 10 04:37:06 UTC 2025 TDSFU
TDSFU Daily run: Tue Nov 11 04:35:25 UTC 2025 TDSFU
TDSFU Daily run: Wed Nov 12 04:35:15 UTC 2025 TDSFU
